WellID,TotalOilInNext6Months
562,8293.5302734375
16,27793.978515625
5695,16799.58984375
6185,31888.474609375
7919,20816.65234375
7638,37010.23828125
6507,42382.9765625
1817,18225.07421875
5506,31433.373046875
5339,30854.583984375
5262,16075.28125
7371,23348.66796875
7137,59014.94921875
7812,23349.708984375
7645,24299.509765625
6547,27994.40234375
6651,24665.330078125
6298,23345.6328125
13,8848.6611328125
117,6227.4560546875
17950,19429.83984375
5682,45312.48828125
7496,34200.26171875
7324,22217.876953125
7456,29222.3046875
8074,32354.0078125
1610,3386.093994140625
1534,14280.3427734375
5496,25868.365234375
5626,27873.001953125
7108,20327.83203125
7147,31446.099609375
7463,40332.19140625
467,11751.375
7637,36514.23046875
7226,39183.02734375
6780,23205.0390625
6514,26993.544921875
5280,26626.87890625
5403,48880.71484375
5636,18894.384765625
5454,23547.640625
7088,36404.046875
7468,34032.5859375
7685,30893.6875
1045,12403.1826171875
17956,37770.18359375
5345,67962.703125
8086,89403.546875
8003,28079.9296875
7751,27249.794921875
7783,15726.98828125
6641,21014.595703125
6376,19224.46875
5265,31689.345703125
7775,9172.1748046875
6705,44961.1953125
6860,37697.66796875
6190,31458.314453125
5486,51099.28515625
7705,18550.396484375
8028,28525.853515625
7938,23722.322265625
7168,39453.73828125
9192,16429.29296875
9467,26263.671875
8554,20831.71484375
9962,16894.958984375
10693,29469.193359375
10382,13874.2802734375
9963,24083.630859375
19,18971.607421875
5655,26095.064453125
5330,25162.75
7761,62398.8984375
6583,5165.56396484375
6508,27255.08984375
6767,8357.44140625
9089,20041.396484375
8581,32064.42578125
9402,27333.728515625
9025,35518.09765625
8729,15754.3466796875
8496,21292.734375
8450,21393.283203125
9766,23258.5859375
10338,52935.953125
10721,24519.568359375
10043,41336.32421875
10459,33529.68359375
5848,33206.65625
5256,11150.21484375
5796,14550.0283203125
5582,28465.58203125
6050,32700.9609375
6873,2225.807373046875
8062,12702.0380859375
9521,34224.81640625
9624,19948.810546875
9599,30495.033203125
9600,39246.07421875
9017,19315.833984375
8415,33814.62890625
10429,24726.826171875
10948,35844.13671875
10590,18587.91015625
4359,21524.103515625
4311,47068.0390625
6039,17701.0234375
6256,27107.357421875
5365,26530.689453125
5319,6105.98974609375
8008,21588.9375
7954,31820.466796875
6482,28127.166015625
9465,23210.29296875
9442,19363.33203125
9466,13808.2099609375
8839,14988.873046875
9200,42866.0859375
9742,12257.255859375
10899,25025.212890625
9862,25339.703125
10316,27440.2890625
10239,34160.828125
5080,16517.919921875
5576,29565.853515625
5396,28870.607421875
5318,22970.69921875
7925,30093.560546875
6895,28342.6953125
8968,21193.201171875
8795,21062.185546875
9205,29741.66015625
9361,27237.54296875
8443,44184.78125
9099,31579.1640625
10536,35716.296875
10434,35406.60546875
10455,29675.875
10863,32719.7734375
10805,33954.80078125
10313,16965.650390625
10023,15237.306640625
5063,8122.2041015625
5136,20749.08203125
5399,25413.400390625
7009,27560.6953125
7028,17698.91796875
7136,28917.60546875
6812,34810.046875
9313,23754.703125
9429,33073.7265625
9327,30105.89453125
8728,17545.8046875
9681,11699.8251953125
10791,22149.9609375
10053,21336.22265625
10919,24899.474609375
10861,26518.267578125
10656,23593.609375
10448,32594.259765625
4726,34453.1015625
4784,7706.181640625
5688,47634.57421875
6706,39880.96875
7497,32728.267578125
8077,27740.021484375
6886,14171.71875
9634,22797.859375
9281,21376.455078125
9084,19680.73046875
8835,21287.30859375
8484,50321.6015625
8901,38148.1796875
8659,64564.84375
9290,14492.7119140625
11014,15195.8271484375
10718,14669.87890625
10032,40000.4453125
4440,10219.6689453125
5610,36726.51953125
7927,31568.08984375
7915,24766.935546875
7549,56746.16796875
6367,31810.642578125
6597,38337.16015625
6813,37747.08203125
8242,56190.8984375
8836,26612.375
8137,28946.828125
8231,19547.16015625
8381,37412.16796875
9161,25100.099609375
10124,19572.419921875
10574,14580.962890625
9892,29649.0859375
10018,35634.9921875
325,19003.728515625
4422,14351.0888671875
4444,8378.0654296875
4391,7917.9111328125
4643,9547.5546875
4371,11568.22265625
4495,6340.021484375
4743,11467.728515625
4497,6348.748046875
4456,7513.27294921875
4434,9478.56640625
4452,8998.1953125
4645,15486.7529296875
4439,10757.509765625
5476,35206.96875
5526,8359.7724609375
5243,28977.056640625
5766,32390.427734375
7048,35594.03515625
6903,31242.451171875
9563,25828.607421875
4441,9632.4599609375
5040,34940.34375
4982,8169.638671875
5849,37374.7265625
5571,42599.80078125
6253,42691.81640625
6172,38235.578125
5819,37343.0703125
5598,17060.2265625
5502,32526.982421875
7713,35056.51171875
7433,42646.8046875
6509,26482.91796875
6528,32015.640625
6533,6329.001953125
9287,16205.408203125
8726,26832.078125
9048,16243.7919921875
8519,32014.76953125
8335,31761.58203125
8652,43660.15625
9787,23351.654296875
10874,11346.216796875
5074,27366.333984375
6222,35280.453125
5594,10621.3388671875
8022,27741.73828125
8053,24345.373046875
8174,65605.578125
9359,31315.38671875
9546,29353.3671875
10521,18184.794921875
10779,47959.60546875
4468,7223.24462890625
4462,10316.6123046875
5155,26745.87109375
5142,24391.431640625
6224,31215.77734375
5600,27519.697265625
5634,15042.984375
7561,16195.724609375
6740,30687.38671875
6788,28349.033203125
8762,22015.595703125
9552,24598.94921875
9183,23788.837890625
11069,7469.142578125
5489,15343.158203125
5984,31947.4375
5964,29638.115234375
6127,29634.708984375
5437,30684.001953125
5854,28379.1484375
7480,27507.40234375
7644,14814.6015625
8932,44966.1015625
8298,35907.53515625
8717,15789.8671875
8256,32456.244140625
8586,37672.02734375
8805,29596.619140625
8225,42197.1640625
9803,27794.1484375
10275,19305.01171875
11026,24377.640625
11008,11854.1298828125
4421,10663.0810546875
5003,30093.869140625
5210,28140.541015625
5340,13605.1923828125
5628,27141.095703125
6913,39123.01953125
6543,67763.1484375
7299,23579.845703125
7406,10583.8154296875
7675,12823.25390625
7579,30236.013671875
9370,13211.8154296875
8994,25421.76953125
8681,51157.9453125
8328,39561.12109375
10480,40104.83203125
10558,15253.3671875
4503,8168.767578125
5071,13750.0048828125
5701,29719.58203125
5676,15000.7412109375
5878,46783.0859375
6586,17438.26953125
6699,18430.29296875
7250,82325.140625
6782,40417.125
9264,28589.974609375
9626,38717.5703125
8907,28809.724609375
9629,26637.25
9032,25870.232421875
8149,56156.390625
8742,49246.5390625
9581,20239.271484375
9751,10813.5810546875
9937,14795.8994140625
4892,13313.83984375
5753,9485.3115234375
5543,15356.5458984375
5293,20126.669921875
6927,45919.6640625
7718,31602.39453125
7759,23104.484375
7405,11068.0654296875
6535,42139.08984375
6733,19857.705078125
9443,16720.76171875
8505,29201.8828125
8925,32549.841796875
10807,31389.1015625
6335,4050.41943359375
4480,5569.86767578125
7248,63195.41015625
7912,36406.15234375
9795,20114.544921875
10113,32448.0
8766,89150.6015625
4947,27534.47265625
5031,28740.513671875
5672,35862.953125
6145,19142.080078125
4703,10363.3330078125
4633,16238.62890625
5569,45035.83203125
5737,31212.853515625
5925,42236.5078125
6340,40467.4296875
6379,53563.1171875
7037,32107.193359375
8763,78077.390625
9969,21793.755859375
10009,17796.458984375
10267,34946.87890625
4347,15959.509765625
4648,28542.482421875
4685,28240.673828125
4845,9822.5615234375
5020,26823.333984375
5371,23271.259765625
5683,23193.95703125
5792,44549.890625
6462,85805.1953125
6523,31298.330078125
6667,31040.94140625
6955,48859.4140625
6962,20311.115234375
7191,47417.45703125
8133,24316.439453125
10068,32039.12890625
9605,29574.73046875
9575,86345.1875
4667,13435.8798828125
4688,21227.158203125
5754,25337.236328125
4630,18218.52734375
4780,37152.4921875
4963,10691.974609375
4996,12861.587890625
6386,22690.548828125
6381,44829.640625
6581,40571.77734375
6805,51843.12890625
7703,30653.720703125
7905,15794.8583984375
10305,24505.501953125
5082,13346.1357421875
5554,30546.638671875
4684,21852.0234375
5377,34651.65625
6107,37113.3984375
6538,40647.7890625
6680,33102.05078125
6723,44689.80859375
7516,29565.9765625
7828,31750.115234375
8411,13957.7548828125
9300,31067.83203125
10182,34599.29296875
11036,46308.2890625
4989,23182.197265625
5048,33336.28515625
5640,44517.7578125
6327,30783.619140625
6596,19494.931640625
7067,26824.603515625
6731,81983.234375
7839,41276.3046875
7709,26584.0390625
8662,36050.609375
9336,103506.203125
9603,40031.171875
4544,26466.7109375
5724,34255.3984375
4528,24970.685546875
5433,27288.451171875
5714,21528.541015625
6093,25488.697265625
6353,42933.03515625
6599,63961.25
7062,19505.048828125
6763,31229.533203125
7131,38591.90625
7416,48432.03125
7232,35695.91015625
10847,26559.408203125
4418,14420.3701171875
4529,12758.373046875
4574,18681.484375
4920,46225.1171875
5062,11125.8583984375
6350,13406.6494140625
6414,39811.76953125
4785,22491.427734375
4828,15888.841796875
5920,35506.2421875
6141,34983.65625
8240,14754.3291015625
8754,34554.66796875
9783,31357.833984375
10639,10481.205078125
10394,25162.04296875
5180,21222.650390625
4900,22470.76953125
5430,18134.703125
5678,28013.09765625
5716,14885.7216796875
6207,20750.529296875
6214,37411.3515625
6412,23679.041015625
4507,4877.52685546875
4646,27256.490234375
4765,25836.865234375
5777,36112.3671875
6084,48999.37890625
6339,39184.640625
6390,48502.40234375
7179,34997.734375
7187,26320.919921875
6957,51149.53515625
4809,20413.859375
6157,51501.3125
6843,18057.650390625
7026,10977.94921875
7044,15329.1015625
6801,43262.125
7539,20794.068359375
8874,28500.783203125
9114,54838.94140625
10221,13716.4951171875
4344,15544.369140625
4783,11768.849609375
5018,10900.8876953125
5412,79346.8671875
6088,31728.345703125
7438,38505.453125
8665,24915.578125
8979,56325.76171875
9100,30110.478515625
10840,18347.80859375
5151,30774.390625
4397,21811.0390625
4878,17417.4296875
5060,15187.630859375
5642,29619.927734375
7956,37276.06640625
4411,3425.267578125
4786,13968.4453125
5603,42838.4296875
7851,67619.328125
8197,14791.1796875
10118,32834.171875
10672,26084.708984375
10829,15300.2158203125
9584,37306.19921875
6076,52999.4296875
6879,28283.587890625
7083,23935.900390625
7661,26320.25390625
8232,32148.1640625
8758,46447.1640625
9764,28044.564453125
10680,16838.2109375
10953,13323.255859375
9525,48902.8359375
4948,14182.1474609375
5049,31856.8671875
5354,15232.1083984375
6506,16097.2666015625
6802,41270.8125
7950,39962.265625
9140,62271.1640625
9899,23929.404296875
10707,20652.48828125
10817,38351.82421875
4345,21634.46484375
4539,4148.50732421875
4604,13038.0439453125
4812,13038.279296875
5546,43542.7109375
5859,30183.056640625
5990,34850.48046875
6617,38470.59765625
6491,47778.0234375
7486,38602.2421875
7610,22690.810546875
7514,41597.875
9998,18333.1796875
6136,39026.06640625
4744,31606.197265625
5406,23768.986328125
5989,40384.1796875
5825,17527.865234375
7011,43395.9296875
7536,55192.26171875
7231,37999.484375
8114,31919.015625
10287,30834.703125
5188,15801.2060546875
428,11218.0546875
1014,16539.380859375
1260,10830.89453125
1575,8372.2578125
1859,17834.724609375
1387,23691.181640625
1115,16877.38671875
1820,6266.28125
190,12707.0341796875
812,11428.1904296875
769,11042.1005859375
1004,29847.541015625
1229,12170.8271484375
1146,5818.873046875
1639,21004.8359375
1092,13958.8759765625
1819,10246.3193359375
245,7608.61865234375
750,18642.09375
1107,13991.8310546875
1267,20414.0078125
1609,29670.9140625
1006,14256.361328125
1539,14334.17578125
1778,9802.177734375
1026,32617.716796875
1791,29733.619140625
1511,10350.4140625
1516,8495.689453125
80,9534.283203125
241,4779.89013671875
900,27250.544921875
359,18123.640625
753,17713.4140625
1687,11707.4052734375
1822,6957.6982421875
1701,17971.30859375
352,8649.966796875
392,16671.833984375
859,20398.109375
1003,36633.01953125
1795,27260.79296875
1281,10043.3466796875
995,10769.353515625
1326,25043.27734375
4582,25848.337890625
6252,44218.953125
1044,11131.5537109375
495,3835.007080078125
1297,13973.2021484375
1571,12592.185546875
4316,12077.43359375
5090,26828.58984375
6045,33947.27734375
5617,16465.232421875
5743,17307.283203125
851,8681.7509765625
1065,18235.1796875
1158,20664.361328125
1389,15753.3720703125
1429,13477.28515625
1209,33781.234375
4746,25259.27734375
4595,12030.4677734375
5041,27051.359375
6129,33541.88671875
5661,21321.064453125
5521,31580.091796875
230,13575.1953125
4496,8295.0322265625
4674,7708.96630859375
4772,6353.38037109375
4814,8432.2880859375
115,1536.34765625
1543,5827.21533203125
4375,22136.83984375
4458,8505.1201171875
6273,30951.96484375
5935,22286.419921875
6294,34151.17578125
5817,28102.5625
6042,24013.44140625
5686,23485.115234375
51,7744.21875
863,20733.40234375
876,24810.955078125
1414,18311.14453125
4388,15749.59375
4680,8143.107421875
5800,41035.6796875
6197,34705.8671875
6069,40671.95703125
5926,15910.4423828125
1094,19625.009765625
711,21455.775390625
984,50402.734375
1204,11842.6982421875
1500,20350.134765625
4700,17033.037109375
5143,25601.677734375
1788,11659.880859375
1688,13479.037109375
920,6621.775390625
878,12870.666015625
823,17390.08984375
892,26970.470703125
969,11052.4580078125
1507,15075.3046875
1079,6131.87744140625
4358,3697.3681640625
5073,20557.232421875
6264,24691.119140625
5488,26859.255859375
1608,7289.08984375
323,5676.96337890625
1908,2045.46630859375
4823,14400.865234375
5104,25753.525390625
6110,33402.359375
6122,17321.90234375
7427,40295.9375
7313,23386.224609375
7862,30077.029296875
7266,21313.20703125
6580,22807.328125
6468,30239.755859375
6718,30901.189453125
9001,30629.5625
9401,37596.546875
9242,16248.244140625
8796,21281.76171875
8194,40556.19921875
8266,30548.953125
8437,78175.765625
9738,38898.8671875
10446,26888.375
4430,13464.94921875
4454,10775.4697265625
4881,34663.1484375
5951,14394.0126953125
6195,36571.34765625
7273,27435.53125
7857,27099.884765625
8000,31869.404296875
7879,20366.6953125
6785,33692.2265625
8697,55034.5234375
4601,7398.5048828125
4730,25573.23828125
5184,16839.48046875
5197,23183.841796875
6008,15663.1953125
6026,31568.283203125
5599,18659.392578125
5364,16570.880859375
6885,18720.474609375
7673,21249.359375
7430,18191.16796875
7478,28226.15234375
7358,30414.8359375
7278,17623.666015625
7932,4157.14208984375
6837,39232.171875
7611,31531.8671875
9270,24145.291015625
8886,37221.1015625
9004,26507.84765625
9305,30599.005859375
10758,28792.751953125
5601,22740.345703125
5968,31832.380859375
6969,17679.515625
7941,46222.41796875
7989,31971.22265625
6889,31675.408203125
6453,43561.4296875
7079,24954.1171875
8126,26794.125
8689,27500.27734375
9430,37320.5078125
9323,30168.5703125
8205,35189.91796875
8655,20807.3515625
9421,26561.978515625
9720,17612.546875
9722,7848.7744140625
10754,8631.787109375
6022,9658.37890625
6153,20819.935546875
5607,21454.421875
5742,21237.45703125
6988,36806.4921875
7264,25852.50390625
7074,28509.025390625
7195,10175.26953125
6789,91871.34375
6368,22548.599609375
9150,23553.5859375
9572,29982.412109375
8903,72511.328125
8345,46579.3046875
8585,29262.998046875
8432,38897.53515625
4716,16710.841796875
5821,27426.716796875
5539,21833.630859375
6258,36928.8671875
5660,27793.61328125
5289,16223.48046875
5635,29740.138671875
7332,52138.41796875
6402,36910.83984375
7441,37285.12109375
6573,28730.47265625
6730,17364.068359375
6872,26218.744140625
6890,27693.23828125
8765,17377.80078125
8735,40501.05859375
8797,34007.859375
9703,70506.3046875
10832,43908.7578125
4815,16879.724609375
4962,32499.404296875
5079,11666.15625
6019,50624.65625
5446,37143.6640625
7682,19202.28125
7482,26217.7578125
7363,80400.3671875
6361,15056.12890625
6726,39733.296875
6887,18840.29296875
8115,21208.0859375
8998,19086.224609375
9144,20886.064453125
9080,46968.01171875
9000,24162.384765625
9495,27063.796875
8319,10812.0703125
8965,38245.265625
10451,33869.90234375
5203,26819.21484375
5748,28977.8203125
5356,47467.640625
5296,22676.91796875
8009,26494.5625
9218,29188.638671875
8985,38789.41015625
9005,25536.955078125
8872,54831.76953125
8399,78034.3046875
8706,31932.650390625
9718,12966.0966796875
10074,14159.962890625
17990,40038.95703125
10109,34044.1796875
10047,23774.693359375
9934,39581.87109375
10388,32111.5546875
507,14510.857421875
10855,41963.5859375
10131,10920.5068359375
9859,18855.41015625
4460,8413.416015625
10281,29375.443359375
9920,26253.103515625
9923,24220.955078125
10050,40220.2734375
1749,11806.0791015625
10154,18770.9453125
10417,29046.603515625
1139,25945.5
324,18734.60546875
339,11320.63671875
17992,24803.37890625
10946,37804.04296875
10576,28658.98828125
10481,26279.6328125
9851,27023.166015625
10061,7970.34765625
10529,16230.48828125
17938,10121.2568359375
9865,17190.08203125
10491,17693.98828125
9974,21565.439453125
11000,74750.4609375
414,14605.59765625
11030,32727.154296875
9968,28214.04296875
10146,9154.259765625
10317,27883.486328125
6811,18042.75
7038,15821.6728515625
7240,31771.0625
8361,26313.560546875
6165,33836.53515625
9507,58888.98828125
10627,41015.2578125
4327,5224.76025390625
6679,39845.54296875
6829,13982.8173828125
7487,31023.642578125
9726,41160.515625
10379,20204.25
6604,35486.65625
8078,23788.228515625
17985,10901.728515625
7583,29669.0
8759,37430.703125
9939,24810.591796875
9891,32950.640625
10170,22127.58203125
7819,36727.46484375
7942,14467.6298828125
8875,50473.46875
10873,34302.94140625
9544,31770.8828125
10706,12001.171875
5125,7962.95458984375
4287,16761.279296875
17983,8252.564453125
6455,20120.4609375
6575,30572.255859375
7381,53792.59375
8017,40866.8984375
9410,61317.86328125
10694,18798.228515625
5098,10505.4267578125
17993,21470.0625
7737,29523.099609375
6377,55213.3203125
7804,50634.82421875
8542,39232.296875
8672,31102.900390625
9233,13582.611328125
10774,43440.04296875
5209,24020.158203125
7256,38228.04296875
9316,62811.01953125
10374,25725.818359375
10679,26084.240234375
10827,26346.3125
9828,20173.623046875
17989,25247.66796875
919,31668.599609375
1746,12625.658203125
1808,11804.966796875
1039,27077.8359375
1172,14172.740234375
1480,7358.38916015625
760,12834.0927734375
208,26491.2265625
817,7516.48046875
1476,14659.8310546875
1470,11037.771484375
1363,19089.556640625
1491,20668.60546875
1211,20265.673828125
749,20038.376953125
1088,11903.798828125
1348,7736.5458984375
1356,10234.9931640625
945,13457.8974609375
1811,11901.4091796875
101,5807.669921875
44,9826.2255859375
336,13886.0068359375
1216,8939.36328125
1345,12811.4365234375
1647,22341.53125
237,19267.017578125
877,28604.8359375
1259,15593.623046875
897,31849.228515625
1503,16460.189453125
663,12649.056640625
667,14702.033203125
740,15550.017578125
636,8082.57958984375
598,16450.009765625
1078,7975.203125
1320,19663.427734375
1492,35774.13671875
487,47285.94921875
684,21879.35546875
845,9007.1123046875
1578,10284.1630859375
1755,7331.61865234375
631,6110.0126953125
833,9145.1923828125
706,12246.55078125
862,20962.494140625
1438,13409.740234375
341,12176.810546875
234,8156.62451171875
1453,17945.1640625
1393,9536.349609375
242,10145.9345703125
1066,8512.380859375
1736,10720.158203125
1309,9955.453125
1726,21441.3984375
191,3945.365966796875
712,23499.71484375
482,18746.63671875
816,10754.6015625
829,11548.8505859375
463,12811.5048828125
1112,14257.486328125
1103,7297.69970703125
1693,11078.6533203125
1798,13665.7177734375
1577,9894.2119140625
1768,7713.45068359375
703,14341.1064453125
1268,14282.9990234375
1391,14111.1376953125
1540,21774.896484375
10692,28569.767578125
10918,33024.4296875
10924,22808.2890625
10389,24475.568359375
10501,21334.6875
1537,19383.33984375
10452,35626.89453125
10107,26768.958984375
10731,32630.65234375
1423,19765.541015625
10933,22283.689453125
10968,17900.44921875
10136,59217.36328125
10835,33567.71484375
9841,5556.9140625
10329,17041.45703125
9956,16859.4609375
17981,34671.921875
11043,36912.0390625
10167,18439.05859375
10223,15436.79296875
843,6952.947265625
1098,9456.57421875
10619,35742.2265625
10649,50561.671875
9833,3849.568359375
10176,28171.931640625
10054,25714.357421875
10011,21499.33984375
10088,14540.3818359375
557,18586.1640625
11058,9051.953125
10780,42611.765625
10438,16996.796875
10462,30585.08984375
10274,40963.2421875
10173,31781.43359375
10738,15395.5244140625
4830,14835.7119140625
6010,27165.259765625
5492,27118.533203125
7836,32746.28125
8087,31326.48046875
7495,30469.052734375
7024,21575.779296875
6356,11012.44140625
7591,26866.955078125
6609,24860.005859375
6358,29351.625
7488,12400.2646484375
8110,27210.701171875
8123,16489.201171875
9519,50791.28125
9648,23867.42578125
9191,20267.068359375
9423,52379.55859375
8530,19251.734375
9148,24592.2890625
9470,21609.8125
8340,61303.29296875
9308,44356.87109375
10914,18507.419921875
10824,25612.208984375
10258,37960.56640625
9877,10249.7548828125
4759,14247.220703125
6249,34829.21875
5718,30217.833984375
6047,29218.23828125
7279,18704.134765625
7349,25932.28125
6403,34054.51171875
9060,37266.7109375
9532,23912.744140625
9548,29777.63671875
8457,44452.234375
9746,10275.6142578125
9994,13997.6728515625
10537,23376.1953125
4447,4864.80810546875
4471,7128.72900390625
4717,15602.298828125
5010,28461.30859375
4957,13123.59765625
6055,34654.54296875
5425,18438.296875
6186,21877.068359375
7896,33174.58203125
7450,36129.5546875
7339,13547.873046875
7875,23635.814453125
6655,18984.330078125
6943,31963.0703125
6769,23881.869140625
9174,42726.79296875
9598,38859.19140625
9502,28571.005859375
9403,41257.8125
9081,26258.96484375
8657,48150.01171875
8847,27857.515625
9838,4530.04736328125
10024,7420.15625
10555,12847.7412109375
10923,24721.015625
10220,17380.095703125
4392,9505.302734375
4438,6421.80126953125
5373,25512.5546875
5884,19121.97265625
5294,36700.12890625
8012,34486.8671875
7864,29996.51171875
7184,24462.310546875
7867,31128.0078125
7881,27828.361328125
6364,20634.982421875
9224,20284.76171875
8323,50509.51171875
8944,9240.029296875
10666,32254.630859375
10771,13504.568359375
10321,42578.7890625
10326,28204.23046875
10781,26212.880859375
10310,27679.89453125
10471,18136.974609375
10203,44589.40625
10201,23773.955078125
4739,23228.03125
5218,13320.7646484375
5193,42884.77734375
5880,42899.58984375
5818,29474.9609375
5850,24023.119140625
5985,30086.19921875
5479,18825.373046875
5322,29090.857421875
5457,33618.453125
6973,48664.80078125
6824,30093.0546875
7051,21983.33203125
7966,25811.958984375
7882,31216.576171875
6963,34883.578125
7627,34839.7265625
6400,16517.0703125
7707,24213.787109375
9368,44220.2578125
8227,61163.5078125
9135,40308.2734375
9422,37913.94140625
8265,30003.931640625
8343,61016.7734375
9131,30847.25
10458,11627.9541015625
10361,36459.01953125
10525,12851.7578125
10848,44348.25390625
10121,35320.0859375
10413,10094.1748046875
4305,9003.2021484375
5114,9682.671875
5518,27406.083984375
6000,16558.81640625
5625,37083.37890625
5564,37418.02734375
7160,25521.064453125
7276,33188.07421875
6703,12486.474609375
7750,23554.8125
7183,27472.861328125
6579,53027.875
9333,36124.484375
8508,24877.18359375
8385,22234.185546875
9027,12860.375
8785,41519.92578125
10114,18366.33984375
10662,15804.619140625
10089,18599.33984375
4445,8660.0244140625
5202,24720.453125
5573,19477.458984375
6058,15732.064453125
5858,22718.71875
5394,64642.0625
5577,30808.18359375
7095,18741.005859375
7691,25963.861328125
7821,25575.08984375
9621,43920.046875
8917,46208.49609375
9061,34128.1875
9550,23033.240234375
8987,64260.4140625
8617,26688.2734375
8291,24648.546875
10005,22347.40234375
10250,21757.09375
10581,10128.626953125
9999,28735.05859375
4364,8872.3779296875
6054,31457.48046875
6183,33556.2265625
7422,7461.9365234375
7544,24425.607421875
8094,27228.98828125
7113,20590.93359375
7829,19281.892578125
9515,35555.5625
9280,22147.58203125
9390,31225.30859375
9228,21062.357421875
8461,38163.84375
11016,25763.8515625
10548,40128.25390625
10494,21956.611328125
10737,15089.513671875
10017,15214.28125
15,20349.296875
451,26602.736328125
4566,26146.94140625
4895,9368.896484375
6062,20464.91015625
5855,30205.587890625
5786,28347.451171875
7150,30109.810546875
7920,15466.373046875
7578,24534.310546875
1760,17698.73828125
4473,5702.3505859375
6131,38540.0703125
5952,25054.6875
5645,26669.37109375
5657,11632.267578125
8023,26255.353515625
7984,25405.072265625
8057,104942.640625
7130,23602.87890625
6727,26278.271484375
621,9839.125
1818,29768.3359375
4923,27322.634765625
5903,14153.9345703125
5609,53230.39453125
5503,24382.720703125
7057,24272.3984375
7140,15857.9755859375
7808,11858.341796875
7672,26788.44921875
32,9225.2109375
4368,12323.1103515625
4516,3121.09814453125
4875,34195.4140625
5357,43873.265625
5562,17562.640625
5762,29461.82421875
7928,30456.03515625
6448,39065.41015625
6310,14564.8046875
7380,35998.921875
7832,25525.486328125
303,8732.767578125
4509,3379.40234375
5846,30151.197265625
6285,37067.21875
5911,42936.7109375
7025,23990.482421875
8010,29378.123046875
6999,17753.015625
6408,56994.55078125
7465,29706.10546875
7894,29552.5703125
7351,30094.6328125
6923,40313.21484375
4651,5702.46875
5224,25244.74609375
5086,15158.515625
6167,31038.4453125
6074,25330.04296875
6260,60628.7109375
6246,44112.71875
7090,32296.138671875
7118,27522.951171875
8054,32579.595703125
7806,27609.1953125
7464,29617.5859375
4493,8680.9130859375
5035,7859.4326171875
4983,8526.1826171875
4787,18816.01171875
6198,11303.849609375
5975,60586.16015625
5937,24123.662109375
5283,16467.859375
7398,25799.681640625
7080,13768.947265625
8073,25763.5234375
7457,41223.20703125
7765,27086.49609375
7219,32456.9921875
784,8840.2412109375
5030,12603.6240234375
5773,29039.291015625
5544,31595.5703125
6255,74506.7734375
6189,26969.27734375
5469,17887.703125
7921,11827.7470703125
7053,17003.0078125
7565,24695.05078125
6606,21550.314453125
7646,7762.04833984375
7251,43498.55078125
8978,24800.890625
8773,26028.5
8883,46270.015625
8798,21261.32421875
8800,26061.205078125
10231,26905.078125
10708,18138.654296875
10066,13782.630859375
10137,48099.4140625
10184,13678.19140625
9977,23533.294921875
10585,27795.529296875
7595,29292.955078125
8690,22717.412109375
9645,22810.794921875
9023,20731.806640625
8918,37734.3671875
8698,57264.5703125
8532,46688.76171875
9853,25661.63671875
10741,18489.138671875
10021,8849.5810546875
6710,14878.5849609375
9618,65513.1796875
9516,39911.94140625
8368,27404.849609375
8453,29353.21484375
8254,16228.650390625
8892,25652.42578125
9815,23341.34765625
9779,24603.439453125
10562,23144.271484375
10643,26351.94921875
10857,29399.12109375
10866,19510.666015625
8104,34090.1953125
8845,20932.51953125
8895,15688.9345703125
8517,38774.7890625
9768,30807.1328125
10265,22195.140625
11045,17725.2734375
10743,16753.150390625
10012,24289.271484375
10349,12735.0029296875
10406,17276.14453125
7001,18088.728515625
9347,28661.208984375
9687,9357.8828125
10713,17474.6953125
10238,23122.01953125
10795,20234.455078125
10612,16688.876953125
10307,12716.130859375
10484,44857.31640625
6534,40418.57421875
7031,30593.701171875
7630,25650.14453125
8121,33176.3046875
9378,39178.89453125
8997,26736.529296875
8555,22944.671875
8150,60997.34375
8439,22646.30078125
9680,5085.3798828125
10879,20449.484375
10440,20567.953125
10196,17407.43359375
9972,15782.255859375
9057,27110.462890625
8560,48371.32421875
8533,39974.359375
10104,11084.427734375
10853,37336.21484375
10503,19670.208984375
10140,44492.8359375
10465,27474.34765625
9973,28246.28515625
6877,32542.513671875
6618,14177.2900390625
6553,26658.41796875
9130,37375.25390625
9513,39850.93359375
9002,60937.90234375
9474,18839.337890625
9616,40655.9140625
8221,60602.38671875
9369,15189.1650390625
10255,16137.2861328125
10160,23728.326171875
4500,7587.3427734375
4501,7932.4287109375
4502,11078.482421875
4478,11310.7001953125
4521,23395.36328125
4555,3584.18701171875
4579,9272.888671875
5860,28199.490234375
7512,33948.64453125
8489,25301.16796875
10119,28938.6484375
5112,14241.240234375
4803,28254.537109375
6616,38938.2578125
6729,17438.76953125
6937,63803.40625
7437,40556.6328125
7753,29481.3203125
7475,46400.71875
8129,20933.78515625
8644,22723.21875
8963,16100.36328125
10954,20212.388671875
9585,43754.87890625
10996,28908.876953125
5227,15325.376953125
4846,10214.666015625
4894,12028.80078125
5451,20058.81640625
7474,39097.53125
7710,26645.93359375
9255,28414.53515625
10764,20652.4609375
10783,23603.328125
5034,11237.765625
4402,2827.82275390625
6437,22979.58203125
7373,38145.9296875
8189,69234.5078125
8684,35970.171875
8761,50957.140625
8988,23675.427734375
8823,38012.76953125
9256,30442.84375
10711,27384.232421875
10871,27523.37890625
10772,21669.177734375
9635,47896.87109375
7897,42703.6484375
8051,22445.8125
4669,17401.72265625
5298,20291.740234375
8185,7447.5849609375
8458,45312.2421875
9232,28025.43359375
9930,25195.89453125
10172,17137.619140625
10766,18193.921875
10704,13491.5380859375
10978,32559.82421875
4859,30742.166015625
5021,25955.6171875
6552,43968.2265625
6800,29233.634765625
6587,27262.552734375
7013,32928.3359375
8611,26563.58984375
8641,32212.640625
4598,25146.494140625
4781,10423.6845703125
6626,54313.0390625
6456,8372.3330078125
7640,15490.1962890625
8103,35395.171875
10695,11830.076171875
5083,21905.748046875
4553,5796.189453125
4796,20555.859375
4893,10588.6962890625
5067,8203.3310546875
5410,68968.078125
5547,48776.77734375
6031,37282.078125
7288,28108.2734375
7655,28782.994140625
9679,23085.59765625
10055,31186.353515625
8038,17714.470703125
9595,56368.00390625
4979,8813.3369140625
5611,24295.6953125
6774,39213.8203125
8125,22364.451171875
8228,59886.84375
8277,18516.951171875
9606,63322.27734375
10966,43069.48828125
4413,4861.17822265625
4518,6775.3017578125
831,3694.08349609375
1250,14334.70703125
1753,11585.8818359375
4928,12864.4052734375
5778,43541.1171875
6016,32344.865234375
7212,24313.109375
10214,21498.990234375
10671,31187.611328125
9377,80086.40625
10696,14153.7265625
9818,32185.20703125
4624,13405.1943359375
5432,33877.2265625
5612,49268.734375
5723,36443.45703125
5650,55271.84375
228,14606.376953125
834,10243.4228515625
1174,20931.583984375
1425,30085.490234375
1821,7755.24267578125
1218,28709.470703125
4621,14338.912109375
4808,30350.03125
5107,14943.169921875
6080,21342.63671875
6961,25371.521484375
7491,26906.90625
7893,37617.59375
9867,7104.46142578125
10659,35112.90625
4423,3794.431396484375
4986,26529.41796875
601,19353.7421875
692,9917.904296875
1089,7629.44677734375
602,18014.98828125
1675,16222.119140625
1772,9005.0302734375
5515,35467.4453125
7030,28803.294921875
7505,46536.2734375
7758,41744.4140625
7856,33590.9765625
7507,19895.388671875
10838,19699.400390625
9539,48150.59765625
4417,19865.0078125
5698,29648.541015625
218,4972.87255859375
691,9360.4521484375
657,9171.2470703125
879,11682.7431640625
922,20285.791015625
1142,8541.1494140625
1346,9008.3388671875
1521,8849.443359375
1669,10310.12109375
4887,25589.060546875
4873,13246.1796875
5383,18803.40234375
5948,36504.7734375
5954,39711.44140625
6486,16138.7763671875
7056,9470.181640625
8370,16763.681640625
8591,22826.76953125
9881,34394.62890625
11033,31652.939453125
5135,13852.720703125
4530,35021.2265625
211,9735.177734375
251,10403.30859375
1813,12872.6103515625
4943,9815.9228515625
4829,7462.345703125
5524,29727.208984375
5776,39033.21484375
6079,35118.015625
6148,21423.8828125
6181,34483.7734375
6537,38723.4453125
7257,22193.15625
7852,41393.97265625
7648,22344.1171875
8273,12536.2890625
8390,12100.4306640625
8549,22818.119140625
8862,40309.0234375
10186,18099.513671875
6166,29869.44140625
9496,45206.5078125
11042,60549.44921875
5096,19288.970703125
5553,17580.705078125
708,9279.2490234375
1137,8817.99609375
1528,25385.9296875
4691,9247.912109375
5715,19358.140625
6109,33046.40625
6700,55432.21484375
6869,25075.779296875
7040,34170.9609375
7949,48440.2890625
10240,18198.30078125
10436,25410.634765625
4330,23915.9453125
4354,20323.86328125
9827,26441.9765625
4408,2590.6591796875
4991,18944.076171875
5533,13752.67578125
5707,33720.89453125
6057,14196.298828125
6097,76167.78125
6085,30911.349609375
7400,73671.3828125
8109,35084.25390625
8536,17169.708984375
9747,48800.26953125
10665,22947.234375
1643,12792.7265625
1839,7587.3193359375
1724,9064.21484375
1292,15928.9345703125
1803,9821.447265625
1091,9067.0302734375
1834,15153.6416015625
1711,25952.541015625
6582,22927.7734375
9095,32280.65625
8596,27370.890625
8407,24381.388671875
10486,19535.4765625
10709,36919.74609375
6218,29145.544921875
6250,17625.3828125
7023,36306.24609375
8088,26397.79296875
8007,23760.236328125
6911,22702.51953125
6325,28001.80078125
6853,9797.53515625
8674,21710.267578125
9428,65289.65234375
8355,18965.466796875
8220,41985.89453125
8478,33339.6640625
4446,7764.5224609375
5028,16910.744140625
6269,12049.943359375
5490,18813.724609375
5664,21171.33203125
5338,23211.9140625
7859,31453.80078125
6858,21990.0078125
7598,18830.45703125
7370,32674.951171875
6663,24692.23046875
6511,57858.80859375
6736,36504.6484375
6673,26386.859375
8810,28299.078125
8391,9841.2646484375
8702,52251.48828125
8531,28329.34375
8831,33552.9453125
10965,12750.5341796875
6217,26267.001953125
7065,21555.173828125
6632,27505.33984375
8803,45550.3515625
9267,47573.109375
9674,22774.296875
5761,16840.03125
7559,14806.4638671875
7525,22295.287109375
6572,37353.7265625
6674,38736.00390625
9438,19934.0625
9650,21907.078125
8814,23826.404296875
9076,33954.078125
8804,40881.7265625
8494,51527.69140625
9735,17686.181640625
10357,25016.259765625
4727,22473.107421875
4742,20595.71484375
5813,15091.9716796875
5391,21900.38671875
5760,29706.068359375
5326,26298.2265625
7499,35505.859375
7365,44721.42578125
7594,21802.619140625
7004,23405.455078125
9384,51487.34765625
9404,15407.5546875
9123,29863.220703125
9348,29586.853515625
8999,25031.5859375
8776,6070.3212890625
4644,34882.26171875
4980,19606.6328125
4955,19191.599609375
5862,12242.015625
6296,29983.466796875
5422,24950.9140625
5402,53829.53515625
5440,15892.8271484375
8047,36070.87890625
7789,35379.26953125
7726,36690.58984375
9118,18843.55078125
9419,58460.9921875
9537,30545.138671875
8841,42041.3359375
10551,15238.9140625
10128,18864.009765625
10868,26744.85546875
4738,9407.931640625
4593,8445.8369140625
5751,29408.150390625
6251,16297.9814453125
5360,60986.7734375
7302,54541.359375
6375,9455.1044921875
6884,13618.9375
9196,29151.60546875
9549,47524.5859375
8418,36184.68359375
8499,38018.87109375
8252,38352.625
8678,46043.06640625
9830,36943.55859375
4964,32652.27734375
5175,16419.603515625
6191,46195.98828125
5624,15163.99609375
5689,69773.5390625
6257,14526.2763671875
5619,24175.798828125
7503,32406.0625
7617,37895.4140625
6415,27000.462890625
6863,13461.5205078125
6635,21667.22265625
8305,39896.94140625
8354,40291.00390625
9696,25668.185546875
10572,28426.5
8436,26406.349609375
8234,51956.58984375
8633,31939.046875
8286,81702.5234375
9397,45100.90625
9034,13548.8427734375
10668,15218.9951171875
10797,36542.2421875
9835,16723.51953125
10,5395.673828125
289,26545.71875
6429,25368.826171875
9211,12565.2119140625
9088,18859.90234375
9253,42966.6953125
9128,31474.53125
8326,29309.126953125
8433,42102.234375
9730,34408.96875
9677,49004.7890625
9933,31031.9375
10318,32398.087890625
1252,9574.451171875
7613,41806.70703125
9014,12040.35546875
9210,11455.845703125
9285,34977.1796875
8454,26825.916015625
10938,31340.599609375
10932,23753.451171875
9837,19815.2265625
10037,27697.96875
9468,32970.23046875
9441,31670.6640625
9265,39566.3125
9707,9691.14453125
10729,28114.27734375
11047,25690.42578125
10865,35072.81640625
10959,6607.2890625
10213,49173.83984375
7255,14777.693359375
9273,47627.34765625
8788,44895.75
9383,37404.3203125
8548,16587.818359375
8946,23624.767578125
10690,19308.875
11060,29204.896484375
10332,36450.65234375
9857,35057.5390625
9843,8151.65673828125
10117,44088.88671875
1864,8067.59814453125
9149,16547.00390625
8871,28557.01953125
8723,24502.078125
8455,19693.87109375
9036,14644.5849609375
11011,31171.623046875
10653,18902.865234375
10623,18096.291015625
10188,16051.509765625
10360,14890.3427734375
10538,20885.955078125
483,7784.07861328125
6791,28313.3203125
9077,19211.900390625
9615,16123.173828125
9649,27058.953125
9045,21458.888671875
8502,48388.68359375
8828,40824.17578125
10609,46492.77734375
10517,14865.640625
10950,38881.609375
10867,22796.091796875
10105,15865.9072265625
9958,25293.75
1869,16852.875
4451,4980.6171875
4752,22079.71484375
5116,28312.2265625
5632,6412.314453125
5475,29331.458984375
5352,21160.505859375
7538,18154.548828125
7763,33494.99609375
7297,23188.5703125
8068,28673.568359375
7404,42255.41015625
6938,34896.5546875
9593,30916.322265625
9209,25266.39453125
9611,28874.89453125
8612,75791.578125
8896,23562.1171875
9434,20868.90625
10983,24717.298828125
10314,21829.599609375
10858,13777.3671875
11056,18670.4453125
9987,31213.126953125
4740,10328.5400390625
4800,25071.931640625
5901,12585.2607421875
5385,42853.140625
5961,40038.16015625
5249,19008.51953125
5578,22289.208984375
5713,39323.9140625
5899,15939.6708984375
7780,20362.845703125
6550,17374.427734375
7043,45137.86328125
9133,27978.46875
9278,27593.34375
8774,30996.5390625
8724,39011.3203125
8417,40374.5859375
8371,29125.435546875
9451,21557.869140625
10000,31384.349609375
10984,26358.857421875
10051,25739.142578125
9886,14873.0849609375
10384,13467.50390625
10324,15063.376953125
10890,19517.87109375
10156,34090.4375
9890,23127.5234375
9950,17880.04296875
4410,2973.1396484375
4890,7021.318359375
6275,44145.8359375
5886,25511.564453125
5310,14213.6650390625
7874,21206.701171875
6424,16770.625
7259,50406.97265625
6389,29042.833984375
6418,9303.4287109375
6324,22734.712890625
6472,21398.662109375
9106,36631.26171875
9222,25258.91796875
8878,9202.74609375
9823,30961.9453125
10710,26183.474609375
10733,20862.814453125
10421,27576.25390625
10594,27160.83203125
10322,38204.8125
5509,47400.64453125
5866,31773.44921875
5272,22615.89453125
7361,39167.1953125
7970,24012.01171875
7983,12565.3134765625
6983,27882.9296875
7620,24093.28125
7575,17576.99609375
7824,74403.6328125
7121,24163.037109375
6986,33680.56640625
9151,18454.681640625
9168,43934.859375
8995,53407.3515625
9226,11782.009765625
9373,25495.91796875
8625,39166.390625
9785,25228.28125
10587,16157.84765625
10875,31548.55859375
10416,24674.423828125
10431,15571.9453125
9976,27731.5234375
10545,18427.6328125
9921,29574.30078125
10261,25783.66796875
10052,11486.458984375
4864,48434.48828125
6274,37107.68359375
6162,38042.8125
5505,39412.15234375
5285,17688.943359375
5426,18531.310546875
7494,23461.796875
7569,33587.1640625
7568,26224.986328125
7550,46042.265625
6646,25855.552734375
6724,24002.939453125
6786,44086.265625
6862,27315.634765625
8746,76562.5234375
9533,32153.298828125
9169,15505.052734375
9716,19660.75390625
11059,31192.080078125
9931,23935.515625
10432,27119.427734375
10539,4044.68603515625
10856,29514.23046875
10620,13817.7294921875
9844,25827.451171875
10161,30183.642578125
4711,23980.7890625
4913,31357.73046875
6046,40993.86328125
5384,18123.802734375
7005,15759.9541015625
6912,29340.310546875
7593,15864.1552734375
7833,39895.84375
7704,15176.0810546875
6645,21151.828125
7428,29582.619140625
7748,24087.310546875
7972,28869.953125
7089,29453.529296875
6695,38106.2578125
8569,23986.8984375
8598,23126.30859375
9167,49339.37109375
9809,15680.076171875
9761,28557.857421875
10569,14053.12890625
10885,23430.578125
10804,37036.390625
10911,20793.4765625
10809,42798.60546875
9951,39144.48828125
10292,21857.158203125
9941,31593.732421875
4484,7535.69677734375
4517,1029.2052001953125
6221,21575.78515625
5507,35572.44921875
6836,21229.322265625
9214,25140.083984375
9079,15707.8525390625
9571,39402.8984375
8953,34528.8203125
8964,33718.45703125
8349,8276.4912109375
8792,9171.4013671875
8430,48513.30078125
8970,28853.51953125
9740,21091.828125
10522,39133.62890625
9854,15555.427734375
10760,16674.705078125
11023,17478.453125
10559,23910.37109375
10016,28592.033203125
10676,8961.142578125
9954,31844.833984375
10207,19244.51171875
10347,15012.806640625
5157,18947.755859375
6193,44011.61328125
6240,29017.41015625
5349,24720.46484375
7865,36167.8359375
8030,77204.8671875
6859,35553.3359375
7159,14237.5
6936,25341.197265625
8760,37611.6875
8879,16137.9951171875
9498,29143.05078125
8989,20793.671875
8833,19968.25
8215,54067.46875
8618,36508.58203125
8935,45373.515625
9282,39525.5234375
9825,38065.33203125
10248,19406.876953125
11027,21909.669921875
11028,23710.21484375
10854,29984.27734375
10072,9603.447265625
10069,11233.6552734375
10095,20272.189453125
9910,13580.9814453125
10905,32641.3125
10720,29810.05078125
10254,16835.6640625
10229,26848.513671875
17951,12294.619140625
1613,8090.72265625
89,12111.66796875
1879,15191.3212890625
1558,21313.826171875
1535,9233.001953125
1138,27458.638671875
104,4170.53515625
4475,8406.6552734375
4477,6431.6005859375
4425,9210.5419921875
6794,22974.1015625
7185,34438.8984375
7694,25035.16015625
8175,9602.255859375
8582,33122.92578125
11050,19389.568359375
4303,13530.2490234375
6476,37459.1640625
7872,25157.498046875
7817,61294.66015625
8299,17271.66015625
8822,21602.693359375
10922,10295.513671875
5078,12980.40234375
6422,35884.09765625
6576,31287.486328125
7007,35485.09765625
8790,41666.9765625
9868,19651.59375
6176,55494.94921875
8016,48004.28515625
5101,35012.01953125
7063,26811.89453125
6756,22204.92578125
7101,34078.43359375
6796,9394.169921875
7233,22705.83203125
7448,36016.078125
8389,30412.4453125
10826,13455.919921875
6242,34205.6796875
11035,32181.302734375
6984,34322.66015625
7740,46635.6171875
8661,24089.279296875
9772,19269.994140625
9947,18623.828125
10252,15994.22265625
10354,28923.615234375
9957,24052.5234375
6664,52878.328125
7354,53705.11328125
8207,29743.201171875
9311,17320.38671875
9719,12696.0654296875
10881,26173.03125
10892,32671.01171875
6522,29885.390625
7223,43112.92578125
7570,50299.62109375
7272,11098.212890625
7247,48336.80078125
8168,14815.4951171875
8537,16958.794921875
9289,99354.7578125
10289,27738.681640625
10596,27466.201171875
10351,29707.041015625
10870,29024.4375
5239,9684.037109375
4610,34630.92578125
4649,21204.693359375
5711,28587.119140625
6354,24284.337890625
6471,19945.80078125
9326,31412.69140625
5735,27889.7109375
5809,31781.55078125
6012,32483.4765625
6070,33031.4921875
7049,93971.0625
7341,47576.11328125
8169,47767.75390625
8180,16930.25
8565,32121.421875
10499,31065.75
10986,27553.033203125
4762,25908.064453125
5736,32161.50390625
7283,27007.978515625
7677,12520.4833984375
7382,29928.54296875
7249,69382.28125
7981,23820.890625
7653,37698.6328125
10303,34240.37890625
10616,25682.359375
9632,46550.4296875
10979,32062.2734375
5056,12470.4814453125
4424,2688.10205078125
4505,1943.4422607421875
4663,27436.42578125
5393,25476.30078125
6332,15505.7353515625
6401,45149.36328125
7156,32065.3515625
7003,31719.638671875
7969,35013.25
8353,14917.8505859375
8876,61511.33984375
8679,37548.79296875
9869,31029.5703125
5126,8407.0908203125
4606,15735.01953125
4835,10463.8173828125
5045,29789.36328125
5643,16527.67578125
5722,31459.568359375
5946,25993.802734375
6112,25715.943359375
6395,53566.48046875
6696,14336.439453125
9668,13866.9267578125
10407,20991.650390625
10625,37491.73828125
4799,10598.48828125
5639,55836.171875
5797,26027.541015625
5941,47590.93359375
6013,38765.9765625
6383,18314.169921875
6432,16048.7744140625
7586,29877.20703125
9124,22549.97265625
9126,23486.783203125
9637,14614.1611328125
4393,16118.6552734375
4545,18356.2109375
4561,6274.55419921875
5397,32682.31640625
5559,114476.34375
6104,44736.32421875
6333,24915.82421875
6991,30940.5859375
7052,34240.078125
7094,40463.02734375
9659,2292.962646484375
10377,28675.509765625
10956,22343.521484375
10632,29891.763671875
7946,23488.037109375
9395,77416.859375
9607,52370.3359375
5008,15479.3466796875
7460,20706.296875
7387,39194.625
7126,37456.48046875
7510,74548.65625
7651,13129.3037109375
8196,17995.126953125
8669,46335.0
9189,36480.4765625
6143,40854.171875
5219,13257.2607421875
5563,22046.775390625
5649,32143.69921875
6512,67217.875
7415,35214.7578125
7489,43163.93359375
7914,22268.27734375
8600,35531.1875
10822,23742.21484375
10701,21537.318359375
4924,28770.259765625
4933,7801.6552734375
5381,20372.72265625
5755,33175.23046875
6328,8502.0380859375
6496,4177.2861328125
6500,40887.015625
6737,29155.220703125
8292,11808.806640625
8306,19817.763671875
9983,30618.88671875
10133,34962.9296875
11018,22225.087890625
6689,37821.29296875
8202,11548.6396484375
8140,10121.802734375
8550,44648.37890625
5173,24769.947265625
4467,4346.3046875
4580,13818.4931640625
4802,36779.58203125
4931,6825.1923828125
6089,31991.728515625
6203,25801.890625
6319,35402.16015625
6439,29689.361328125
6713,16303.798828125
7998,35731.515625
8212,71677.84375
9556,31998.5234375
4721,27027.83984375
5380,21226.189453125
6526,20821.294921875
6640,25045.95703125
7742,35814.46484375
10057,41237.55859375
10412,34961.09375
10846,28717.4296875
9320,32841.0625
4333,45831.875
4560,28787.46875
4576,16195.23046875
5016,20679.314453125
7346,49086.57421875
7622,28111.904296875
7414,67585.15625
8558,66059.421875
10929,21367.623046875
11034,30061.578125
4586,1264.7470703125
4589,814.6542358398438
4693,21070.36328125
5064,22626.619140625
7854,45446.515625
8784,24394.044921875
9538,50102.84765625
5922,15836.6708984375
6113,22778.021484375
6447,35232.12109375
8155,19956.48828125
9692,35551.8984375
10138,30170.8671875
10091,14499.01171875
8049,27874.708984375
95,4174.685546875
1600,27171.462890625
1485,23166.8984375
1509,8262.0537109375
1254,28226.72265625
1638,17445.33984375
1754,20750.875
820,10244.2880859375
1283,23635.9140625
1488,31478.619140625
308,13826.630859375
342,16021.18359375
923,13644.4091796875
1538,26131.517578125
1355,8578.1962890625
1567,15420.7705078125
1183,12960.4970703125
420,13661.5185546875
762,14210.4658203125
810,10409.123046875
790,13131.380859375
857,11073.5478515625
296,2447.5791015625
605,15624.427734375
1464,12548.3447265625
1468,10196.294921875
1469,13023.0576171875
523,7553.1142578125
1206,9922.998046875
480,16419.77734375
1347,7092.39892578125
1573,11179.21484375
1350,12373.5166015625
1448,13223.1669921875
1399,12520.7255859375
1294,8787.6875
187,8694.134765625
510,14429.2470703125
176,11056.7958984375
346,17268.40625
189,27674.123046875
226,13982.5166015625
488,16789.888671875
985,34881.74609375
12000,3296.292724609375
11965,4466.95751953125
12401,7722.04248046875
11880,197.80563354492188
12230,2745.04541015625
12303,5931.26611328125
12381,5165.24169921875
12389,3230.115234375
12466,3840.6083984375
11937,214.0614013671875
11966,205.75454711914062
12186,8362.5830078125
12360,1551.861328125
12392,3562.62646484375
12187,5630.2470703125
11912,129.3490753173828
12008,141.34524536132812
13789,5585.85595703125
470,4009.483154296875
1650,12254.9462890625
170,26095.818359375
474,21937.306640625
988,31559.830078125
1226,9242.4990234375
270,12510.228515625
1135,7054.53515625
589,12198.353515625
1234,14517.859375
194,27206.6796875
1626,10193.3427734375
575,3692.575439453125
315,21514.5234375
403,8755.69140625
1133,12806.0673828125
419,16180.333984375
412,9297.162109375
583,14519.607421875
720,8721.2080078125
453,13248.1708984375
229,11130.9033203125
216,13564.3388671875
131,13535.52734375
496,12206.6884765625
12212,5163.7890625
12343,4642.22119140625
12308,1969.486083984375
12179,3003.731201171875
12346,3686.82275390625
12226,3898.85302734375
11796,3609.84228515625
12072,196.60928344726562
11819,4464.82421875
12229,2575.45361328125
12408,3816.617919921875
12393,2312.0634765625
13932,10187.380859375
13341,1759.895751953125
13238,4469.75048828125
12723,714.623291015625
14001,5684.0244140625
14940,5174.89013671875
14933,6951.1123046875
14928,9312.83203125
14910,18405.873046875
14944,8418.025390625
14938,14046.8544921875
1854,11484.2021484375
14950,15412.1318359375
14918,3325.92822265625
5017,32509.640625
14934,11059.93359375
14937,16450.513671875
14941,10102.939453125
318,8522.4189453125
449,32431.3515625
673,11273.548828125
1130,8155.55517578125
1443,14246.9453125
547,13018.0556640625
266,23318.01171875
448,14037.39453125
1622,10052.849609375
1651,7579.21044921875
319,14590.244140625
838,7337.423828125
578,13787.6787109375
579,9230.5009765625
672,9757.37109375
545,14787.0
512,7415.50927734375
406,9378.728515625
333,22949.341796875
282,15506.697265625
499,12995.2998046875
108,7963.42822265625
181,21869.546875
327,7385.1484375
472,17058.275390625
1237,14204.8828125
590,16089.5185546875
1061,8395.4462890625
528,15298.203125
380,26751.81640625
577,13716.9208984375
1224,6482.9482421875
1629,9816.080078125
14056,4585.1806640625
504,3364.927978515625
1473,13223.0732421875
1361,11203.9619140625
1682,6392.07666015625
14339,10292.5615234375
1337,20236.537109375
1601,18123.0859375
14348,2242.93408203125
50,9024.4013671875
46,2727.1015625
804,11363.3525390625
982,7295.51025390625
1486,13514.62109375
1775,13366.900390625
422,12733.5595703125
427,10701.0302734375
699,4123.05712890625
603,11939.845703125
1108,14647.9560546875
1144,4512.18798828125
1498,15736.5166015625
14307,9016.62890625
1312,15052.125
1547,6690.6611328125
983,10943.5146484375
14347,2191.702392578125
1302,13228.26171875
14273,21886.1796875
1690,11906.0546875
627,18172.63671875
1466,9778.029296875
1489,12366.1435546875
763,11818.443359375
1041,16867.09375
747,25647.564453125
1572,5009.00634765625
1692,10500.19921875
646,11230.384765625
797,10849.755859375
1739,7383.13134765625
167,12680.654296875
1208,11120.9677734375
915,31129.865234375
855,9840.0380859375
824,10079.7578125
954,41962.140625
1668,7705.474609375
725,16097.0947265625
634,6761.0205078125
909,22811.27734375
1185,35733.24609375
1269,15421.5810546875
1574,9242.208984375
1362,8824.0693359375
206,13013.140625
376,11582.123046875
1248,20969.861328125
1773,7974.22119140625
1781,15553.1181640625
1496,18498.294921875
1520,6416.4580078125
568,9821.357421875
397,9259.6748046875
370,22130.498046875
516,13089.5146484375
1462,10301.083984375
316,15641.9326171875
198,20410.384765625
257,33510.3359375
551,8474.685546875
374,17350.32421875
539,8700.3818359375
1304,14122.068359375
1826,14656.0947265625
373,10073.4150390625
280,15945.62109375
473,15428.0185546875
1131,10478.2802734375
486,12259.86328125
212,9172.2880859375
200,8048.57373046875
314,12623.224609375
364,22505.724609375
1553,10250.384765625
454,14876.146484375
517,13243.689453125
222,8696.24609375
417,21778.37890625
561,28110.52734375
457,8846.63671875
1634,21170.076171875
1604,19224.14453125
718,10331.009765625
317,12581.2880859375
436,23894.25390625
409,11209.90234375
519,18772.822265625
1386,16800.37890625
1597,10621.376953125
164,5742.986328125
348,19043.958984375
1239,10921.2509765625
225,15513.626953125
573,8889.6630859375
12778,1627.6356201171875
14332,14193.2900390625
11593,3294.473876953125
12504,6337.92919921875
14815,6948.826171875
11338,4014.8642578125
12684,20594.15234375
14363,10944.6416015625
14382,4058.627197265625
14501,32858.32421875
13379,4931.99169921875
14434,7324.3251953125
14506,9091.7978515625
14550,4396.359375
12762,767.147705078125
12491,7782.34033203125
11890,275.2002868652344
12170,4460.87353515625
12414,5905.51318359375
12424,3044.25341796875
13920,9452.14453125
14037,3100.32568359375
14871,3885.617919921875
11925,180.8424072265625
11961,5214.375
12123,2340.55126953125
12192,13362.0400390625
13978,4977.6298828125
12236,3133.21533203125
11979,5043.19873046875
11992,222.05551147460938
12055,169.39015197753906
12099,2570.786865234375
12232,5910.52783203125
12311,7248.6513671875
12439,4395.7861328125
12429,5598.626953125
12522,3651.1826171875
14817,4161.78662109375
11176,1764.85546875
11326,3321.221923828125
12751,1830.466064453125
12906,4007.86083984375
12307,184.52810668945312
12361,2034.5782470703125
12426,6674.36669921875
12421,3111.602783203125
17982,5237.109375
14830,3341.9326171875
12295,7060.0341796875
12467,7635.314453125
12601,4747.751953125
11811,11064.740234375
12007,14079.3486328125
12138,185.7868194580078
12363,2872.307861328125
12413,2923.9921875
11792,4143.6728515625
11978,796.6921997070312
12146,345.6197814941406
12368,944.753662109375
13566,2694.53466796875
17996,23735.3515625
14202,4150.35986328125
11975,1294.4248046875
11883,185.63552856445312
11931,153.9852752685547
12252,2209.41748046875
12371,1559.702392578125
11774,17777.796875
11886,157.62368774414062
12149,610.6853637695312
11908,558.4540405273438
12163,221.65060424804688
12353,1506.2779541015625
13362,5567.63037109375
12026,1506.5703125
12390,4314.708984375
12526,54.00289535522461
11904,1461.6595458984375
12221,639.849365234375
14628,2115.784912109375
11223,7731.66748046875
12498,3759.445068359375
11816,15380.8125
12050,129.3490753173828
14460,7001.43505859375
12016,6576.22802734375
12194,4309.771484375
14265,10751.2568359375
14302,2249.055908203125
12821,1852.3331298828125
11106,6069.0908203125
12579,2201.387939453125
11990,2896.143310546875
12152,8099.4560546875
12258,3681.939697265625
12471,7741.654296875
12737,4397.4375
11976,6305.1708984375
12184,9459.8857421875
12285,1969.41552734375
13371,5243.5703125
11928,1257.02880859375
14103,9122.892578125
14275,17945.28515625
12610,2690.44580078125
12029,1650.0186767578125
12400,4718.6884765625
14386,2669.390625
12637,1234.994140625
12287,763.9049682617188
17935,2023.810791015625
1856,11211.4755859375
1850,13042.208984375
12555,6217.07958984375
1855,9275.6123046875
874,13994.7392578125
17957,7913.154296875
1858,8150.2890625
2276,22999.77734375
1978,12598.03515625
1949,16438.685546875
2057,14721.8427734375
2063,6967.03564453125
2209,23204.814453125
2302,25366.470703125
2050,16065.087890625
2257,29451.1171875
2265,30641.953125
2262,6050.390625
1950,36399.4375
2236,5971.1767578125
2214,22638.68359375
2287,28138.01953125
2193,21180.23828125
2168,11759.7529296875
1997,7069.9951171875
2128,17492.435546875
11483,4963.568359375
11617,6485.03271484375
2166,26570.3671875
11089,5901.2587890625
11361,20092.052734375
11454,6502.4296875
11197,25986.462890625
11349,6038.0771484375
11277,35203.81640625
11498,4895.537109375
11550,5762.314453125
11750,6184.66748046875
11213,13142.6630859375
11257,8438.3037109375
11344,6865.0615234375
11720,33202.8125
11844,8704.646484375
2176,15932.6396484375
11226,8677.521484375
11607,38220.2421875
11635,3722.206787109375
11852,13444.8271484375
11475,20582.416015625
11568,6667.37890625
11804,14990.33984375
12112,2491.417236328125
12176,4750.73876953125
13872,5780.50830078125
13867,295.53533935546875
13043,10605.8369140625
13076,18095.34765625
12573,1643.190673828125
12714,8127.05908203125
12876,12596.943359375
13087,24847.0625
13110,4325.84912109375
13069,13065.775390625
12991,6856.666015625
13006,18653.7890625
12901,5636.8115234375
13027,9812.7978515625
13148,13326.0498046875
11835,4668.7353515625
12272,6834.1279296875
12309,9063.6826171875
12444,4119.70068359375
13337,6629.04931640625
12093,2232.693359375
12114,6000.7880859375
12455,7728.52099609375
13390,16616.6875
11887,345.6197814941406
11983,3025.849609375
13617,6018.65185546875
11286,7276.03857421875
11685,6345.1826171875
11889,218.82211303710938
12019,6034.89013671875
11960,2290.48779296875
12464,4021.3271484375
12441,4797.30419921875
14266,12806.265625
14158,5176.29541015625
12004,3044.552978515625
12015,46.386024475097656
13299,7301.05615234375
12825,2171.8447265625
11934,1187.1419677734375
12372,1582.90185546875
12351,2810.450439453125
12530,1223.8477783203125
13485,863.8466186523438
12233,8286.6005859375
12320,3149.73583984375
13995,4704.6748046875
14301,18181.0390625
13897,1277.769287109375
14289,1447.7841796875
11269,954.6587524414062
13751,3004.017822265625
12587,1226.1781005859375
14495,24654.267578125
14650,2169.631591796875
11564,2469.151611328125
14243,6650.9697265625
13373,10267.8828125
14756,2108.791748046875
12750,2411.72119140625
20,7971.3369140625
1975,11940.291015625
2067,10406.6376953125
1931,17822.59765625
2245,25182.544921875
2085,10632.126953125
2010,18699.552734375
2116,19296.7109375
1939,20018.4296875
2033,9745.7548828125
2043,16361.90234375
2091,29506.509765625
1977,9075.65234375
1940,22952.666015625
1959,40710.1640625
2019,10221.640625
2200,3337.073486328125
2161,20512.447265625
2056,11370.5888671875
2179,4718.513671875
2034,16717.798828125
2155,37267.56640625
2021,15546.939453125
2036,5701.98291015625
2230,14468.3037109375
2268,8651.0556640625
2039,18685.13671875
2029,15626.6630859375
2221,26323.451171875
2345,6515.84326171875
1929,22931.060546875
13761,9927.9443359375
13814,3648.257080078125
11171,10337.6083984375
11259,14618.48046875
11530,5319.826171875
11417,11903.8056640625
11757,1715.277099609375
11815,11434.0830078125
11227,8145.05712890625
11565,13552.6015625
11799,6517.4765625
11121,6211.7216796875
11258,5189.77978515625
11208,14653.4248046875
11354,12376.9345703125
11509,22382.1328125
11674,4775.3408203125
11606,9898.3349609375
11841,14211.92578125
11837,73703.0703125
11589,21043.55078125
11584,6106.82177734375
11261,4394.86767578125
11332,14251.46875
11343,13303.8876953125
11702,8824.43359375
11769,7308.59375
13870,803.6610107421875
12119,12141.0185546875
13869,796.0515747070312
12376,393.930908203125
12081,108424.0625
13871,108424.0625
12648,2295.71484375
12046,345.6197814941406
11351,1408.0643310546875
14163,4845.8544921875
11977,894.3668212890625
12638,1881.2265625
11998,205.75454711914062
12618,1794.8924560546875
12914,2823.91455078125
11895,93.05577087402344
11917,680.6793212890625
11952,214.0614013671875
12496,5028.40234375
13470,2874.493408203125
14076,1416.9443359375
14096,3932.295654296875
14354,9139.5185546875
13887,2089.69091796875
14284,8194.6103515625
14317,45317.98046875
12527,965.8635864257812
14029,1030.037841796875
13542,2774.20361328125
13361,12891.357421875
12088,6687.6533203125
12270,5776.72607421875
12412,3371.294677734375
12240,5728.4052734375
12461,6121.80615234375
12528,1262.828125
12583,6356.6474609375
12033,1819.6260986328125
12054,162.58802795410156
12181,936.1324462890625
12519,361.435791015625
11933,3656.316650390625
12298,8230.6337890625
12358,3990.549072265625
14743,14438.5595703125
12254,1552.9468994140625
12253,1547.6256103515625
12326,4852.34814453125
17995,43111.42578125
11929,3830.11767578125
12079,311.7358703613281
12249,1340.7681884765625
12290,1956.171142578125
12443,2922.231201171875
13307,7736.73828125
1990,35180.65625
2333,6203.693359375
2020,26303.572265625
1936,9488.31640625
1981,21589.662109375
2030,9382.794921875
2206,28764.630859375
2259,25397.611328125
1928,27592.041015625
2290,25253.310546875
2274,36631.76953125
2334,6029.72265625
2251,21182.5234375
2118,27006.490234375
1948,9467.861328125
2150,4692.54638671875
2263,25048.669921875
2049,30960.650390625
2110,22452.423828125
1956,22071.017578125
2198,5972.7216796875
2105,9854.751953125
2297,24007.537109375
2099,25794.97265625
2180,15122.23828125
2052,16334.0078125
2218,24059.16015625
1921,15132.939453125
12996,10959.845703125
13035,6012.92822265625
13114,11252.900390625
13208,4567.62353515625
13090,4492.39794921875
13117,3828.149658203125
13057,7021.302734375
13025,8121.91455078125
13001,11543.216796875
12980,3758.37158203125
13017,4067.689453125
12987,10637.419921875
13380,26639.6015625
13115,28744.76953125
13547,3884.19677734375
14305,55809.5
14842,5273.0
14631,22384.765625
13517,8111.1416015625
13536,4041.420654296875
13662,7383.08203125
13633,1477.70263671875
13719,2217.61328125
14611,3861.21875
13467,7802.97802734375
13607,8081.65380859375
13588,6792.74560546875
13673,12378.2255859375
14770,22091.615234375
13600,10543.1025390625
14414,6541.267578125
14656,4982.02001953125
14500,8370.7451171875
13528,36142.3046875
14583,3419.190185546875
14641,12317.2275390625
14662,6187.5615234375
14715,4531.85791015625
13572,2272.914306640625
14828,10875.283203125
14540,2043.9791259765625
13704,3691.039306640625
13717,6228.71484375
14519,9668.3515625
14696,5494.625
14761,6990.4912109375
14778,6138.515625
14820,6042.16748046875
14291,10168.51953125
11855,26776.72265625
12501,15783.837890625
13292,4618.40576171875
13268,5963.14794921875
12570,3952.20947265625
11863,26378.107421875
13783,8851.5302734375
13825,8648.6162109375
13822,14038.412109375
11315,6185.59423828125
12341,6399.02783203125
13308,44255.609375
13759,9002.220703125
11555,5938.1787109375
13247,3668.154296875
11111,3886.493896484375
12315,7845.587890625
11861,14545.4853515625
14101,26651.56640625
14181,11058.4189453125
13845,6369.7705078125
12646,19562.2421875
13529,3916.738037109375
13173,7139.42822265625
14018,2572.07470703125
14285,3069.162353515625
17964,10056.88671875
13532,7366.52001953125
12459,6956.03955078125
12160,5227.8486328125
14366,3412.880615234375
11562,4541.83740234375
12178,4062.32958984375
14431,2190.917236328125
11903,1171.322998046875
14410,8831.0146484375
11901,-18.8299503326416
11924,238.21206665039062
11956,2171.210693359375
12005,942.5890502929688
12288,6223.36279296875
12100,11476.2021484375
14313,6934.51123046875
11968,1586.1412353515625
12057,180.8424072265625
14675,1955.69921875
12623,1652.02294921875
11760,6963.56298828125
11896,152.9451141357422
12415,2719.94140625
14796,6380.349609375
11378,2272.99365234375
14234,1631.01171875
14502,5394.0537109375
12473,10590.26953125
14652,4737.99169921875
14314,8375.9375
14395,2576.336669921875
12486,27022.59375
12619,1663.080810546875
14338,19120.537109375
12740,837.9791870117188
12919,4427.0078125
13954,19129.537109375
14513,8647.4384765625
14692,1787.947998046875
12495,9510.5703125
14241,10035.70703125
12642,6560.5185546875
12669,4183.3798828125
14503,9311.1455078125
14316,14956.232421875
11478,5337.3515625
12490,5391.60009765625
14116,4105.20654296875
2323,12935.3056640625
2098,26906.630859375
2156,10183.28125
2008,23824.5703125
2070,17251.076171875
2298,17326.1796875
2165,5657.70361328125
2146,16566.078125
1974,9702.646484375
2014,10036.919921875
2195,22868.513671875
1718,14868.6552734375
2208,16724.150390625
1935,10732.6318359375
2199,1502.489501953125
2068,27001.001953125
2121,22668.03125
2189,5381.25927734375
1943,6131.38037109375
2320,8328.1240234375
1993,12693.0048828125
2229,7053.00439453125
2260,19781.77734375
2090,15002.2548828125
2308,13485.0732421875
1982,17620.544921875
2311,22622.326171875
2222,14140.142578125
2228,12974.123046875
2102,12437.2724609375
1986,26800.53515625
2318,5763.3564453125
2158,5455.87646484375
2174,20466.21484375
2167,21238.0
2060,21487.681640625
12563,4658.9619140625
12783,11048.556640625
12851,10551.453125
12561,3137.873291015625
12760,6239.18994140625
12706,5651.85400390625
12524,910.85693359375
12924,10241.359375
12952,10455.5029296875
14053,3709.6142578125
14028,2030.9166259765625
668,4469.458984375
13983,8307.9130859375
13943,12707.4501953125
130,8549.263671875
126,8998.8857421875
13984,1833.3614501953125
1035,6434.91552734375
13958,16599.78515625
14017,1848.9610595703125
13979,14010.6865234375
13916,5787.2490234375
14100,4396.36962890625
14094,12196.9189453125
13912,17762.94921875
13591,5810.1630859375
13227,3025.033447265625
13544,11506.0771484375
13598,5725.51513671875
13654,4544.65478515625
13627,9379.048828125
13720,6416.484375
13486,4115.3125
13658,4731.7138671875
13682,4848.79541015625
13660,3717.2568359375
13679,7257.67626953125
13447,299.44195556640625
13454,4564.55712890625
13197,8031.31103515625
13909,6629.6318359375
13948,8886.6298828125
13971,11228.7255859375
13963,4351.224609375
14161,6001.31689453125
14012,9028.7939453125
14097,12911.7802734375
1779,12452.787109375
13926,5496.93115234375
13890,1251.9248046875
14048,2489.95947265625
14031,26351.578125
87,4918.53125
13548,3912.49560546875
13606,2199.07421875
13514,4217.05859375
13676,6299.85107421875
13414,2121.96826171875
13604,5662.3828125
13609,12941.958984375
13455,2355.993408203125
13480,4688.91552734375
13473,2153.616455078125
13546,1685.8131103515625
13737,7648.564453125
13744,5074.77685546875
14599,10076.5302734375
14772,17165.552734375
14818,20086.125
14872,10971.99609375
14888,13225.029296875
13291,8398.62890625
12509,13661.4248046875
11392,4126.546875
11575,5314.220703125
13754,23689.73046875
14803,5181.79736328125
14870,18030.095703125
14219,24408.345703125
12141,14925.072265625
12161,6126.7275390625
12356,20008.70703125
11411,17959.076171875
11489,4845.93994140625
11556,5130.9169921875
13834,13524.5048828125
14670,15124.658203125
14758,6694.77197265625
11194,1675.593017578125
11122,10380.2822265625
11211,7506.068359375
11154,2267.6552734375
11310,5555.9384765625
11306,23455.74609375
11276,14908.7939453125
11539,10675.78125
14674,18439.580078125
14735,7081.59716796875
14808,7592.28466796875
12387,5824.734375
11214,5254.97509765625
11239,2908.0283203125
11425,11720.0859375
14117,10106.7841796875
14293,12937.7763671875
13784,17459.783203125
14747,17775.796875
11524,14590.74609375
14527,4375.9892578125
14549,16966.181640625
13699,9052.9501953125
12666,5693.46728515625
11649,5423.69189453125
11662,12425.521484375
11677,12547.4169921875
11680,4097.9248046875
11692,20261.083984375
11718,7679.14990234375
13861,4845.576171875
12109,3453.7392578125
12128,10629.2255859375
12166,6876.28515625
12543,11323.1787109375
69,18811.205078125
60,5602.2294921875
12514,7757.4482421875
12542,9133.662109375
12541,6644.19482421875
141,9298.5146484375
13163,4900.2109375
13180,15233.2822265625
13134,6965.45166015625
13899,10730.0849609375
12988,14798.1494140625
13204,1534.5992431640625
13425,8705.9638671875
13638,5107.5546875
13581,3860.54931640625
13321,3159.467041015625
13409,71362.3828125
13714,2157.95849609375
13351,5545.20263671875
13503,4575.53076171875
13324,11218.3642578125
13623,5037.849609375
14546,3646.641845703125
14572,4281.42919921875
14753,4393.92919921875
14649,6069.46435546875
14142,6231.55224609375
14205,9772.3388671875
1897,9495.77734375
14667,19941.7265625
14779,4375.9072265625
14719,6620.51611328125
14129,15665.9375
14344,2314.822265625
14844,3778.10693359375
14895,11386.4287109375
14587,4961.623046875
11256,6306.029296875
14390,22796.19140625
12533,5994.26123046875
14637,2797.0126953125
11526,10977.806640625
14683,5999.7939453125
14590,8169.66943359375
14857,14769.4453125
14856,5431.10791015625
11323,3963.880859375
14136,8349.2216796875
14488,1567.925048828125
14738,5085.57080078125
14379,5320.17626953125
14777,12090.6884765625
14822,8925.47265625
12850,13450.8037109375
12858,6770.541015625
13003,10208.0302734375
13172,5948.36572265625
12786,4513.05224609375
12844,6826.92431640625
13131,16912.142578125
13189,10994.7587890625
13219,3862.586669921875
14113,9088.3291015625
12547,6258.1318359375
13225,8018.0927734375
12659,4922.6025390625
13106,23254.16796875
13913,17606.41015625
13882,1085.2701416015625
14043,2715.91015625
12588,6543.25244140625
13093,12418.4521484375
12681,27132.3828125
12756,3001.49658203125
12857,32882.6796875
13559,5720.515625
13624,3600.957763671875
13689,9286.4794921875
13464,1100.162109375
13589,7264.53662109375
13705,4437.23828125
13615,14081.111328125
13707,10995.7587890625
14315,2757.450927734375
13450,3578.294189453125
14269,37225.9375
13601,12571.0400390625
13730,14024.501953125
14311,35801.8828125
13329,535.4063110351562
13667,9540.091796875
13736,15744.2236328125
14093,18579.68359375
14224,6117.32177734375
14187,3321.9970703125
13762,7844.41259765625
14105,4048.89208984375
13092,12008.3857421875
12204,5782.35986328125
11570,7992.27490234375
11590,11710.7177734375
11600,14557.150390625
11663,6128.2431640625
11241,9911.6142578125
11602,5719.1015625
11655,3244.23095703125
11738,10311.7880859375
11828,3590.64892578125
11785,15501.05078125
14292,13259.8525390625
11155,4691.12451171875
11386,7610.00390625
11486,2680.353271484375
11752,4980.10009765625
12559,2431.2666015625
12506,28429.638671875
11130,4022.76953125
11193,6333.216796875
11468,6169.09130859375
13747,5975.54248046875
11182,5119.88671875
11244,12883.9267578125
11528,7191.2890625
11534,4001.630615234375
11754,4875.484375
11264,10906.35546875
11302,18571.0859375
11571,26483.330078125
11704,13960.84765625
11743,6946.6044921875
11079,9957.5576171875
11580,13123.94921875
11996,1216.974853515625
11202,6044.97412109375
11857,15485.955078125
11108,5182.927734375
11159,6761.91357421875
11236,11254.771484375
11373,12102.7939453125
11790,9902.427734375
11989,5011.29833984375
11958,4930.82763671875
13864,3072.2392578125
12517,1342.97119140625
14032,2359.09814453125
12753,10610.1943359375
13072,18026.25
14050,2543.148681640625
12959,1357.5386962890625
12885,1310.1715087890625
12548,24361.771484375
13084,6966.18896484375
13884,14160.009765625
13896,3467.185791015625
12810,703.1702880859375
12908,4012.298095703125
12957,10285.00390625
57,4833.30615234375
12874,3198.161376953125
13075,12675.646484375
14020,64961.06640625
12550,11489.099609375
12833,22791.94140625
12958,9362.673828125
12871,6837.7783203125
12556,7911.4091796875
12716,2625.94580078125
12773,8894.498046875
13402,8813.0927734375
13476,7181.1728515625
13674,676.748291015625
13659,9985.90625
13495,12246.0849609375
13582,3956.55810546875
11700,5289.50927734375
11690,9324.3349609375
11654,6043.9296875
11696,6115.11767578125
11706,18228.029296875
11711,3279.849853515625
11735,4775.93310546875
11740,3308.0966796875
11768,6040.0751953125
12077,3331.080078125
12244,4800.77587890625
12552,2195.38525390625
12813,6675.29541015625
13030,11888.048828125
12703,7686.91845703125
12720,5618.6123046875
12784,9516.8603515625
12793,6620.60009765625
12935,17805.189453125
13154,4512.5908203125
13042,9875.3525390625
13182,3580.065673828125
13195,5271.8515625
12539,3836.878173828125
12649,15075.271484375
12695,9084.6748046875
12816,8265.1953125
12800,1822.846923828125
12925,8844.048828125
12869,4557.5478515625
12953,11069.623046875
12886,13865.2568359375
13146,9000.2236328125
13167,2353.696044921875
12856,30210.576171875
12900,6714.98046875
14647,9303.81640625
14693,7494.2958984375
14849,4593.78515625
14695,8168.06494140625
14740,7781.53173828125
14885,9588.009765625
14792,16705.533203125
14463,3830.13134765625
14899,4724.724609375
14594,2754.6357421875
14627,6673.4169921875
14560,12308.763671875
14635,14700.8759765625
14762,18899.62109375
14775,7860.57958984375
14639,4558.7646484375
14714,3387.706298828125
14673,23071.619140625
14785,24528.806640625
14737,11663.439453125
14892,14385.3984375
14616,3378.708740234375
13771,7688.74365234375
13847,14470.2470703125
13805,3510.711181640625
11459,1801.0313720703125
11463,27287.564453125
11560,13655.0791015625
11994,10383.9794921875
12065,13546.765625
12474,11454.2138671875
11266,5010.13232421875
11297,4749.1181640625
11668,6709.51123046875
11088,20426.28515625
11401,610.4072875976562
11794,1821.6072998046875
11444,28595.98828125
11611,15117.6181640625
12382,6943.16064453125
13315,10478.6025390625
11572,14074.3046875
12377,6570.3349609375
11291,4989.619140625
11585,31703.17578125
11619,29709.77734375
11724,4806.208984375
12023,10640.048828125
11810,10291.0498046875
12217,6840.423828125
12339,4927.6884765625
11075,3993.207275390625
11187,6139.54931640625
11334,8859.7646484375
11415,4671.958984375
11625,1561.31201171875
11670,13628.6181640625
11129,2870.429443359375
11546,10113.822265625
11744,7542.56982421875
14522,4738.712890625
14689,5685.6806640625
14156,10289.958984375
14840,4654.6455078125
11859,30796.46484375
14450,5821.44482421875
13478,3983.48779296875
14507,3451.754638671875
11609,11855.0546875
14180,5386.837890625
14132,8220.630859375
12728,4306.9560546875
14452,3896.41552734375
14668,13682.2978515625
14209,4949.6865234375
13194,6256.537109375
14483,2329.82275390625
13290,7703.392578125
14458,7763.853515625
11251,3567.84130859375
14184,3853.42041015625
12629,1701.85595703125
14351,25449.162109375
14535,7666.06005859375
14601,11692.94921875
11362,2797.265380859375
14242,5697.2548828125
13837,1637.4161376953125
12481,8279.4384765625
11092,7692.56103515625
11141,10007.80078125
11470,25952.732421875
11186,4000.745361328125
11285,5667.06982421875
11356,18690.826171875
11337,9110.5
11576,6879.02490234375
11471,8885.091796875
11516,4557.6748046875
11245,15089.6259765625
11527,3330.171875
11086,4792.85986328125
11586,5540.10498046875
11139,8357.6650390625
11515,4451.4736328125
12420,28519.05078125
12472,10083.0546875
13297,11528.3427734375
11273,4185.26513671875
11942,3796.652587890625
12296,10101.54296875
11809,35351.875
12040,3969.718994140625
11784,12059.6767578125
12156,1063.1524658203125
12013,4866.4619140625
67,4579.81201171875
12658,2940.133544921875
13120,3729.237548828125
13185,6153.27294921875
144,4575.5791015625
13921,896.0682373046875
12772,1548.60107421875
12626,4824.8837890625
12644,1766.1583251953125
12981,8378.10546875
13901,1260.2275390625
12839,3114.5849609375
12907,10918.7109375
13070,6033.591796875
14066,6077.5478515625
12873,12286.9326171875
13062,25123.482421875
13015,12714.7734375
13939,5988.03857421875
14060,13743.2216796875
14071,16088.4365234375
12888,13688.72265625
13033,1210.0318603515625
13222,3565.92236328125
36,17851.27734375
13213,6126.9482421875
14040,16845.216796875
12656,11384.958984375
13206,6600.998046875
13731,15829.2529296875
13463,6772.1220703125
13613,9769.7138671875
13508,9852.509765625
13477,930.9047241210938
13642,25307.91015625
14188,11385.3671875
14197,7139.64697265625
14523,27235.83984375
14567,6376.72509765625
14717,11717.9013671875
14827,23491.267578125
11220,2384.43115234375
14152,12440.3818359375
13489,2047.7080078125
14624,9468.7724609375
14694,10862.3251953125
13260,4408.93994140625
11175,778.3736572265625
14579,8314.3603515625
14612,6187.58984375
14906,3186.4296875
14173,5162.43359375
13262,11824.9951171875
14832,9616.5673828125
14786,8860.3828125
14868,15624.2666015625
14212,3933.278076171875
13461,6346.06396484375
11199,4821.99560546875
14629,5192.17578125
11161,4798.90234375
13265,14512.853515625
14306,7190.3818359375
11283,19802.708984375
13803,11991.22265625
11192,10610.529296875
11379,15892.7431640625
12500,10999.158203125
11267,4082.047119140625
11274,3600.26611328125
34,5009.75927734375
11162,20168.861328125
13767,6311.599609375
11218,23570.150390625
13804,8369.986328125
13806,24547.2265625
11090,3691.157958984375
13813,26358.798828125
11613,61987.96875
11701,13976.8154296875
11710,14612.9794921875
14498,8653.6982421875
11552,4695.537109375
11667,7070.7294921875
11569,22898.18359375
11679,26704.71875
11918,5149.81201171875
12934,11072.5400390625
11522,27294.78515625
14240,7466.19970703125
11541,11840.056640625
11605,24719.40625
11608,12287.1474609375
13248,3109.25
13687,6062.40673828125
11441,19193.44921875
11610,2606.33642578125
13648,13421.6015625
13681,16634.400390625
11114,5228.88525390625
13820,14153.73046875
13811,7621.314453125
13850,13253.9130859375
11829,16268.3037109375
12164,3986.34033203125
11797,5849.92138671875
11684,18018.435546875
11726,5878.93408203125
12122,1923.025390625
11651,5399.83447265625
11707,5984.994140625
11791,9426.22265625
12306,733.6233520507812
11734,14715.35546875
11825,7111.203125
11980,5554.837890625
43,29507.3203125
45,8521.078125
74,19113.546875
102,5503.744140625
118,14381.6513671875
103,3766.701416015625
1872,13833.1123046875
1885,11524.404296875
1342,8851.107421875
1339,14720.837890625
937,16227.255859375
1697,13629.6064453125
1585,14164.2138671875
791,9494.283203125
1189,10334.5185546875
1906,8716.8642578125
1903,13673.609375
949,16178.5322265625
959,15645.32421875
297,19085.1875
1766,10735.8125
608,2584.568115234375
1151,12339.6806640625
1665,13036.9365234375
1564,15744.646484375
163,5298.31396484375
687,18703.71484375
1502,8825.2236328125
792,7896.43798828125
1881,17762.390625
1887,8813.052734375
558,9958.65234375
616,11857.8994140625
1532,16879.55078125
250,5464.814453125
122,1926.60546875
505,6289.474609375
1895,9898.9638671875
618,12000.912109375
1559,18504.32421875
1680,11113.8349609375
309,4533.0625
259,18536.83203125
1883,12552.9072265625
1275,14146.4453125
518,8173.603515625
207,10915.2236328125
1882,21143.630859375
622,2984.390869140625
865,10631.36328125
1150,8430.4619140625
938,14331.4931640625
1902,11852.4931640625
1099,15483.1435546875
14707,28712.96875
14759,11007.55078125
14751,18548.83203125
14768,11295.908203125
14473,6500.73876953125
14541,4984.974609375
14793,7399.568359375
14788,12669.6650390625
14530,6605.16943359375
14413,6620.86474609375
14534,4046.9814453125
14859,7550.0087890625
14903,12253.3271484375
13742,3237.789794921875
14547,3486.04052734375
14570,6546.3212890625
14544,7640.3515625
14750,5032.6396484375
14453,6928.24169921875
14509,17640.12109375
14795,6291.7060546875
14855,3895.5517578125
14124,14629.416015625
13693,4121.1767578125
11860,11010.8935546875
11333,5251.18603515625
11422,5586.8447265625
11490,6170.6728515625
11456,7633.62890625
14233,8619.287109375
12660,3687.9892578125
11339,8557.201171875
11512,2810.496337890625
12241,4100.8212890625
12507,21942.43359375
11275,5789.08984375
11615,5933.83447265625
12362,10726.560546875
11316,4401.10400390625
11360,28091.111328125
11634,6010.87646484375
11616,2198.98486328125
12848,2022.76220703125
12763,1738.344970703125
13289,17178.3984375
14190,14884.7568359375
11388,6833.33154296875
11548,4133.96875
13253,8416.5302734375
11853,17017.685546875
11157,9027.037109375
11521,5810.34716796875
14176,6560.36376953125
12796,2310.60546875
11868,3280.015625
11107,3527.47216796875
11308,18946.486328125
11614,25067.974609375
14697,7371.3837890625
14192,38764.90234375
14246,13945.9423828125
13460,5812.01611328125
12462,12498.4580078125
11132,2372.99755859375
11364,11112.7080078125
11340,1964.4005126953125
8434,27253.560546875
5212,19863.080078125
4289,9170.1103515625
4293,19001.1171875
4321,5124.38330078125
10937,13587.05078125
4297,39339.14453125
5556,17628.193359375
8230,42333.10546875
4314,20783.140625
4563,628.922607421875
8224,37751.4765625
8559,24611.001953125
2178,4546.0830078125
2177,9360.228515625
2066,5597.5419921875
2065,1821.3299560546875
2322,11837.0341796875
12902,7930.50341796875
452,7783.67333984375
12966,18325.103515625
13200,7127.7724609375
12781,6441.6826171875
12804,7335.28515625
12840,4313.8359375
12809,2710.224609375
278,3774.226806640625
12691,8134.92822265625
12549,3107.748779296875
13166,4454.8125
12609,10635.5986328125
13098,26713.130859375
287,6499.3876953125
12540,4932.37060546875
13099,12685.650390625
13974,4792.2587890625
14079,31630.431640625
13918,928.6392822265625
14038,4799.814453125
13924,12186.2412109375
14024,8942.26171875
13426,25974.0390625
13625,11011.232421875
13670,5661.51025390625
13645,8717.9658203125
13780,3535.78515625
13661,14572.2314453125
13796,12163.4453125
13576,3645.9169921875
13537,13923.6611328125
13665,2705.784912109375
13831,13208.341796875
13594,17707.203125
13703,7595.70458984375
13629,8348.69140625
14183,20609.87890625
13276,9162.375
11184,3697.43505859375
14170,5739.103515625
14207,16429.38671875
12616,2938.751708984375
5004,14571.9521484375
12899,2032.434326171875
5865,17662.966796875
14228,24100.884765625
13259,8689.078125
12380,23760.48828125
9661,13468.947265625
17955,455.1869812011719
11136,8765.9033203125
14251,9924.32421875
12694,6255.1044921875
14294,15992.6044921875
12243,7893.673828125
11249,10260.5244140625
11383,5755.56005859375
12374,4496.38623046875
8341,38110.27734375
8863,5586.19140625
7597,16871.2109375
8276,40972.0546875
8467,20894.140625
4300,27743.3828125
5567,33811.8828125
7286,14705.3232421875
6299,31291.228515625
688,8646.5107421875
1141,7685.1611328125
572,17885.59375
481,14784.7734375
1456,13704.8955078125
1373,14296.05078125
600,20776.81640625
973,13332.66796875
1071,6662.6396484375
1075,8288.44140625
371,12138.3828125
841,8787.771484375
1161,9257.8427734375
849,8736.9697265625
2336,14302.193359375
643,7571.77490234375
943,12569.1396484375
12182,19188.224609375
12107,1882.5537109375
12129,6246.79736328125
12572,2701.54296875
12733,6524.89697265625
12868,10205.9228515625
12939,7005.8876953125
12983,2645.770751953125
13933,15530.0947265625
13917,6139.72705078125
12672,11685.1474609375
14057,1586.4942626953125
12835,8967.751953125
13060,11103.1259765625
13138,4923.7841796875
13150,4486.361328125
13964,2782.815673828125
14068,8019.7265625
12510,1949.912353515625
13080,13569.7802734375
13910,24033.25
13977,10246.23828125
14088,4946.9697265625
12903,8264.8671875
12918,31752.849609375
12877,40294.48046875
12941,9528.6826171875
13123,7794.58740234375
13103,7509.38671875
13914,3999.58056640625
13113,15482.314453125
12633,12059.57421875
12688,5424.83935546875
12831,12857.58203125
12931,6844.22265625
14878,13493.01953125
14350,11731.69140625
14304,66451.8359375
14448,10788.2099609375
14526,3465.771240234375
14642,13004.32421875
14773,10368.7919921875
14574,2734.911376953125
14471,7093.2294921875
14588,2192.262939453125
14853,26848.37890625
14464,10080.849609375
14835,8169.21533203125
14893,10142.3349609375
14852,7167.3203125
14459,10061.6416015625
14577,7009.55712890625
5123,13477.0634765625
5382,32043.2578125
17986,9136.18359375
4395,8027.9638671875
7922,10972.8134765625
17988,8949.6484375
5468,33645.3125
8045,22692.1953125
5485,28928.103515625
8711,22902.185546875
4326,6004.15625
5833,26918.166015625
4290,25505.921875
5213,27910.548828125
4304,11787.6865234375
1194,8942.392578125
1459,16298.681640625
871,13085.390625
1072,9901.1279296875
524,5832.486328125
947,7000.58203125
1457,10650.208984375
1384,13708.0322265625
640,9152.0185546875
1057,11101.9296875
1374,13934.0390625
2346,5036.5322265625
1195,15356.166015625
28,3196.61572265625
2326,9724.283203125
2045,7341.07177734375
2338,5485.60302734375
2202,4246.49658203125
299,2022.6142578125
2037,4825.97265625
2132,33934.77734375
2000,6329.19482421875
15644,20962.884765625
15726,31833.83203125
16360,9690.6083984375
16372,7437.4501953125
15688,16583.7421875
15650,31176.4609375
15699,40993.1796875
16855,4747.4765625
15692,43373.73046875
15660,13271.4921875
17047,997.7957763671875
16405,1226.456298828125
15712,43378.6015625
16403,24905.193359375
15790,143.19091796875
16452,9938.294921875
17576,4218.23828125
15285,470.7359924316406
17869,7054.45703125
16451,3394.728515625
16739,1785.6939697265625
15706,10345.251953125
15626,9457.4638671875
15700,3071.555419921875
15631,1008.0557861328125
16447,15643.181640625
17043,7736.4033203125
15288,315.3951721191406
16542,4404.837890625
16442,11675.9423828125
16485,4321.79345703125
17156,16717.685546875
16531,4922.83984375
15687,13478.4130859375
15696,16394.513671875
17071,7717.92529296875
15643,27627.58984375
15657,21713.9921875
17853,11133.8681640625
16743,197.40524291992188
15671,17023.345703125
15684,14217.5634765625
17062,10292.466796875
16443,9282.6904296875
16376,2647.955078125
15623,1951.9058837890625
15622,3285.054443359375
15727,24220.734375
15358,1155.053955078125
